{
  "annual_return": 0.2740862516625031,
  "annual_vol": 0.3041903770660156,
  "sharpe": 0.9010352474201402,
  "max_drawdown": -0.45363718773319595,
  "calmar": 0.6041970523450677,
  "days": 1827
}