{
  "annual_return": 0.3435731304554672,
  "annual_vol": 0.23322058809215904,
  "sharpe": 1.4731680992061535,
  "max_drawdown": -0.3390087467275762,
  "calmar": 1.013463911394472,
  "days": 1827
}