{
  "annual_return": 0.32422736781494677,
  "annual_vol": 0.2414477882451036,
  "sharpe": 1.3428467088951348,
  "max_drawdown": -0.3668459731678385,
  "calmar": 0.8838242519473071,
  "days": 1827
}